id_centrenotifica,nomcentrenotifica
1526,-
370,"ABS ARBÚCIES"
366,"ABS CAPELLADES"
563,"ABS CATALINA CARGOL"
1052,"ABS LLEIDA"
418,"ABS MARTORELL"
1509,"ACCENT SOCIAL"
1577,"ACUT ANOIA ( H. IGUALADA)"
468,"ADVANCE MEDICAL"
647,AEMPS
620,"AGENCIA DE SALUT PUBLICA DE BARCELONA"
1,"AGENCIA DE SALUT PUBLICA DE CATALUNYA"
377,"ALERGIA-HVH GENERAL"
1382,"AMBULÀNCIES EGARA"
1192,"ANDRES DIAZ MEDINA"
936,ANOIA
952,"ÀPTIMA CENTRE CLÍNIC MÚTUATERRASSA"
1600,"AREA DEL MEDICAMENT-GTAP BARCELONA CIUTAT. ICS"
1427,ASEPEYO
1057,"ASSIR CALAF"
844,"ASSIR GARRAF"
835,"ASSIR GRANOLLERS"
656,"ASSIR LA RIERA NOU"
1112,"ASSIR MANSO"
926,"ASSIR NUMANCIA"
543,"ASSIR REUS"
473,"ASSIR ROGER DE FLOR"
1444,"ASSIR SANTS"
1110,"ASSIR TARRAGONA"
933,"ATENCIÓ PRIMÀRIA CATALUNYA CENTRAL"
998,"ATENCIO PRIMÀRIA VALLÈS ORIENTAL"
1117,"BANC DE SANG I TEIXITS"
1542,"BOFARULL VETERINARIS"
805,"C ESTETICA TARRACOMEDIC"
1537,"CAP 17 DE SETEMBRE"
420,"CAP 2-D"
540,"CAP 2D UNIVERSITAT (MANSO)"
607,"CAP ABRERA"
1178,"CAP ADRIÀ"
634,"CAP AGRAMUNT"
941,"CAP AIGUAFREDA"
1589,"CAP ALBONS"
1179,"CAP ALCANAR"
494,"CAP ALCARRÀS"
1450,"CAP ALCOVER"
742,"CAP ALFARRAS"
500,"CAP ALFÉS"
644,"CAP ALFÉS (LLEIDA RURAL SUD)"
1499,"CAP ALFONS MORÉ I PARETAS"
1474,"CAP ALFORJA"
414,"CAP ALMACELLES"
1428,"CAP ALMOSTER"
1085,"CAP ALT CAMP OEST"
1578,"CAP ALT MOGENT"
1391,"CAP ALT PENEDES"
821,"CAP AMADEU TORNER"
1453,"CAP AMER"
1501,"CAP AMPOSTA"
1161,"CAP ANOIA"
937,"CAP ANOIA RURAL"
728,"CAP ANTON BORJA"
1513,"CAP ANTONI CREUS"
12,"CAP APENINS-MONTIGALA"
715,"CAP ARBÚCIES"
422,"CAP ARENYS DE MAR"
784,"CAP ARENYS DE MUNT"
14,"CAP ARGENTONA"
1447,"CAP ARNES"
1449,"CAP ARTESA DE SEGRE"
1165,"CAP BADALONA"
1015,"CAP BADIA DEL VALLES"
722,"CAP BAGES"
854,"CAP BAGES-BERGUEDÀ"
17,"CAP BAIX EBRE"
851,"CAP BAIX EBRE (TORTOSA EST)"
708,"CAP BAIX EBRE (TORTOSA OEST)"
483,"CAP BALAFIA"
302,"CAP BALAGUER"
1136,"CAP BANYOLES"
1030,"CAP BARBERÀ"
18,"CAP BARCELONETA"
816,"CAP BARRI LLATÍ"
815,"CAP BARRI LLATÍ 2"
1487,"CAP BASCARA"
1171,"CAP BEGUES"
1451,"CAP BELLCAIRE D URGELL"
716,"CAP BELLPUIG"
726,"CAP BELLVER DE CERDANYA"
959,"CAP BELLVITGE"
1160,"CAP BERGUEDA"
401,"CAP BESALÚ"
1459,"CAP BESOS"
1560,"CAP BESÓS MAR"
661,"CAP BIGUES I RIELLS"
539,"CAP BLANES"
897,"CAP BLANES 1 (CENTRE)"
533,"CAP BLANES-CENTRE (ABS BLANES)"
899,"CAP BOBILA (CAN VIDALET)"
290,"CAP BON PASTOR"
460,"CAP BORDETA - MAGÒRIA"
631,"CAP BORDETA-MAGRANERS"
535,"CAP BORGES BLANQUES"
1511,"CAP BOSSÒST"
732,"CAP BUFALA-CANYET"
367,"CAP CA N ORIAC"
1014,"CAP CADAQUES ( ROSES)"
1562,"CAP CALAF"
1175,"CAP CALAFELL"
519,"CAP CALDES DE MALAVELLA"
740,"CAP CALELLA"
28,"CAP CALLUS"
379,"CAP CALONGE"
534,"CAP CAMARLES"
29,"CAP CAMBRILS (PL AJUNTAMENT)"
833,"CAP CAMP DE L ARPA"
1080,"CAP CAMPRODON"
476,"CAP CAMPS BLANCS"
1083,"CAP CAN BORRÀS"
470,"CAP CAN BOU"
602,"CAP CAN GIBERT DEL PLA"
504,"CAP CAN PANTIQUET"
1141,"CAP CAN RULL"
1054,"CAP CAN SERRA"
1148,"CAP CANALETES"
1514,"CAP CANET DE MAR"
837,"CAP CANOVELLES"
896,"CAP CANYELLES"
507,"CAP CAPELLADES"
632,"CAP CAPPONT"
819,"CAP CARDONA"
734,"CAP CARLES I"
681,"CAP CARRERAS CANDI"
1089,"CAP CARRERAS CANDI 3E"
653,"CAP CASANOVA"
34,"CAP CASC ANTIC"
436,"CAP CASERNES"
679,"CAP CASSÀ DE LA SELVA"
1587,"CAP CASTELL-PLATJA D ARO"
1081,"CAP CASTELLAR DEL VALLÈS"
1555,"CAP CASTELLDEFELS"
1021,"CAP CASTELLVELL DEL CAMP"
564,"CAP CATALINA CARGOL"
1007,"CAP CELRÀ"
1504,"CAP CENTELLES"
627,"CAP CENTRE"
374,"CAP CERDANYOLA - RIPOLLET"
1591,"CAP CERVELLÓ"
1462,"CAP CERVERA"
1489,"CAP CHAFARINAS"
41,"CAP CIRERA-MOLINS"
42,"CAP CIUTAT MERIDIANA"
1417,"CAP COLLBATÓ"
1429,"CAP COLLBLANC"
668,"CAP COLLBLANCH"
1532,"CAP COLLDEJOU"
437,"CAP COLLSUSPINA"
1159,"CAP COMTE BORELL"
1186,"CAP COMTE BORRELL"
641,"CAP CONCÒRDIA"
44,"CAP CONSTANTÍ"
1497,"CAP CORBERA DE LLOBREGAT"
45,"CAP CORNELLA"
948,"CAP CORNUDELLA DE MONTSANT"
885,"CAP COTXERES"
730,"CAP CREU ALTA"
1579,"CAP CREU DE BARBERÀ"
1452,"CAP CRUÏLLA"
1408,"CAP CUBELLES"
1613,"CAP D ALP"
1102,"CAP DE CASSA DE LA SELVA"
1604,"CAP DE SANTA MARIA"
1592,"CAP DE SERÒS"
723,"CAP DELTEBRE"
900,"CAP DISSET DE SETEMBRE (SANT COSME I SANT DAMIÀ )"
1603,"CAP DOCTOR ROBERT"
305,"CAP DOCTOR SARRÓ ROSET"
1551,"CAP DOCTORA CASAPONSA"
1129,"CAP DR AGUSTI CABAÑAS"
524,"CAP DR BARRAQUER"
1157,"CAP DR GONÇAL CALVO I QUERALTÓ"
1184,"CAP DR GUILLERMO MASRIERA I GUARDIOLA"
469,"CAP DR JOAN VILAPLANA - CAP GIRONA 4"
1531,"CAP DR JOSEP TORNER I FORS"
642,"CAP DR LLUÍS SAYÉ"
1468,"CAP DR MOISÉS BROGGI"
671,"CAP DR ROBERT (CAP BADALONA-2)"
651,"CAP DR SARRÓ ROSET ( VALLS URBÀ)"
1120,"CAP DR SUBIRÓS"
50,"CAP DR VILASECA(CAN MARINER)"
52,"CAP DR. CARLES RIBAS"
1496,"CAP DRASSANES"
974,"CAP EIXAMPLE"
57,"CAP EIXAMPLE DE LLEIDA"
1619,"CAP EIXAMPLE DE MAR"
1599,"CAP EL BRUC"
58,"CAP EL CARMEL"
916,"CAP EL CASTELL"
676,"CAP EL CLOT"
60,"CAP EL MARESME"
787,"CAP EL MASNOU"
1534,"CAP EL MORELL"
499,"CAP EL PERELLÓ"
662,"CAP EL PLÀ"
63,"CAP EL REMEI"
1020,"CAP EL SERRAL"
685,"CAP EL TEMPLE"
635,"CAP EL VENDRELL"
667,"CAP ELS MONJOS"
1379,"CAP ERNEST LLUCH"
697,"CAP ESPARRAGUERA"
537,"CAP FALSET"
672,"CAP FIGUERES"
1411,"CAP FLORIDA"
1564,"CAP FONDO"
1506,"CAP FRANCISCO BENITO INARAJA"
574,"CAP GANDESA"
1062,"CAP GARRAF RURAL"
973,"CAP GATASSA - MATARÓ 6"
70,"CAP GAUDI"
1436,"CAP GAVÀ"
711,"CAP GAVÀ 2"
1585,"CAP GELIDA"
944,"CAP GIMBERNAT"
1625,"CAP GIRONELLA"
1556,"CAP GORETTI BADIA"
72,"CAP GOTIC"
1095,"CAP GRAN SOL"
586,"CAP GRANOLLERS"
455,"CAP GRANOLLERS-4 SUD"
1107,"CAP GUARDIOLA DE BERGUEDA"
1483,"CAP GUARDIOLA DE FONT RUBÍ"
1267,"CAP GUINARDÓ"
832,"CAP GUINEUETA"
1473,"CAP GUISSONA"
76,"CAP HORTA"
1458,"CAP HORTS DE MIRÓ (REUS 4)"
364,"CAP HORTS DE MIRÓ-REUS IV"
1420,"CAP HOSPITALET CENTRE"
1423,"CAP HOSTALETS DE PIEROLA"
1524,"CAP HOSTALRIC"
408,"CAP IGUALADA NORD"
818,"CAP IGUALADA URBÀ"
717,"CAP IGUALADA URBÀ (ANOIA)"
490,"CAP JAUME I"
371,"CAP JAUME SOLER"
1475,"CAP JESÚS (CAP TORTOSA OEST)"
1627,"CAP JOAN MIRAMBELL I FOLCH"
1170,"CAP JOSEP ALSINA I BOFILL"
1155,"CAP JOSEP BERTRAN I MIRET"
77,"CAP JUST OLIVERAS"
1605,"CAP L ALDEA"
1113,"CAP L AMETLLA DE MAR"
891,"CAP L AMETLLA DEL VALLES"
556,"CAP L AMPOLLA"
621,"CAP L ARBOÇ"
433,"CAP L ESCALA"
633,"CAP LA BISBAL D EMPORDÀ"
820,"CAP LA CANONJA"
1584,"CAP LA FLORIDA"
1086,"CAP LA GARRIGA"
383,"CAP LA GRANJA - MOLINS DE REI-"
548,"CAP LA LLAGOSTA"
81,"CAP LA LLAGOSTA (C/VIC)"
584,"CAP LA MARINA"
867,"CAP LA MINA"
83,"CAP LA PAU"
606,"CAP LA PINEDA (VILA-SECA)"
831,"CAP LA RASQUERA"
925,"CAP LA SAGRERA"
1092,"CAP LA SALUT"
1128,"CAP LA SELVA"
705,"CAP LA SELVA DEL CAMP"
646,"CAP LA SÈNIA"
827,"CAP LA SERRA"
559,"CAP LA SEU D URGELL"
1593,"CAP LA SOLANA"
1597,"CAP LA VALL D EN BAS"
871,"CAP LARRARD"
417,"CAP LARRARD 6C"
1563,"CAP LES BORGES DEL CAMP"
682,"CAP LES CORTS"
613,"CAP LES HORTES"
1412,"CAP LES INDIANES"
1470,"CAP LES PLANES"
1609,"CAP LES PLANES D HOSTOLES"
558,"CAP LLANÇÀ"
489,"CAP LLEFIÀ"
924,"CAP LLEIDA"
971,"CAP LLEIDA RURAL NORD"
482,"CAP LLEIDA RURAL SUD"
313,"CAP LLIBERTAT"
704,"CAP LLIÇÀ DE VALL"
628,"CAP LLOREDA"
845,"CAP LLORENÇ DEL PENEDES"
907,"CAP LLORET DE MAR"
1164,"CAP LOPE DE VEGA"
92,"CAP MANLLEU"
1488,"CAP MANRESA"
315,"CAP MANRESA 4-CAP SAGRADA FAMILIA DE MANRESA"
1516,"CAP MANSO"
714,"CAP MARAGALL"
882,"CAP MARIA BERNADES ( CAP VILADECANS 2)"
1535,"CAP MARIÀ FORTUNY"
664,"CAP MARIÀ FORTUNY- REUS V"
706,"CAP MARTÍ JULIÀ"
1158,"CAP MARTORELL"
1490,"CAP MASQUEFA"
96,"CAP MATARO"
1606,"CAP MIAMI PLATJA"
894,"CAP MOIA"
1454,"CAP MOLLERUSSA"
724,"CAP MOLLERUSSA (PLA D URGELL)"
1465,"CAP MONGAT"
442,"CAP MONISTROL DE MONTSERRAT"
1017,"CAP MONT-ROIG DEL CAMP"
495,"CAP MONTBLANC"
1485,"CAP MONTBRIÓ DEL CAMP"
98,"CAP MONTCADA I REIXACH"
587,"CAP MONTCLAR"
1583,"CAP MONTESQUIU"
1466,"CAP MONTGAT"
99,"CAP MONTILIVI"
719,"CAP MONTILIVI ( GIRONA 3)"
466,"CAP MONTMELO"
917,"CAP MONTNEGRE"
932,"CAP MORA D EBRE"
598,"CAP MÓRA LA NOVA"
654,"CAP MORERA-POMAR"
1580,"CAP MOSSEN JACINT VERDAGUER"
623,"CAP MURALLES"
625,"CAP MÚTUA RUBÍ"
795,"CAP NAVARCLES"
1134,"CAP NAVÀS (BALSARENY)"
893,"CAP NORD"
684,"CAP NOVA LLOREDA"
878,"CAP NUMANCIA"
1150,"CAP OCATA"
481,"CAP OEST"
1005,"CAP OLESA"
1084,"CAP OLESA DE MONTSERRAT"
557,"CAP OLOT"
1047,"CAP ONZE DE SETEMBRE"
403,"CAP OSONA ( VIC NORD)"
1169,"CAP PALAFRUGELL"
485,"CAP PALAMÓS"
911,"CAP PALAU-SOLITÀ I PLEGAMANS"
1153,"CAP PALLEJA"
1176,"CAP PALS"
108,"CAP PARE CLARET"
1172,"CAP PARETS DEL VALLÈS"
609,"CAP PASSEIG DE SANT JOAN"
1559,"CAP PASSEIG MARAGALL"
1414,"CAP PENEDÈS RURAL"
1124,"CAP PERALADA"
1163,"CAP PIERA"
943,"CAP PINEDA DE MAR"
362,"CAP PINETONS"
1518,"CAP PIRA"
727,"CAP PL CATALUNYA"
694,"CAP PLA D URGELL"
791,"CAP PLA DE SANTA MARIA ( ALT CAMP EST)"
452,"CAP PLANA LLEDÓ"
962,"CAP PLATJA D ARO (CAP SANT FELIU DE GUIXOLS)"
1512,"CAP POBLA DE CLARAMUNT"
112,"CAP POBLE NOU"
1623,"CAP POBLE SEC"
660,"CAP POBLENOU"
1121,"CAP POLINYÀ"
1180,"CAP PONENT"
1050,"CAP PONT DE SUERT"
114,"CAP PONTS"
1611,"CAP PRAT DE LA RIBA"
1399,"CAP PREMIA DE DALT"
877,"CAP PREMIA DE MAR"
480,"CAP PRIMER DE MAIG"
1446,"CAP PROGRES - RAVAL"
1430,"CAP PUIG-REIG"
1168,"CAP PURA FERNANDEZ"
1130,"CAP QUART"
1025,"CAP RAMBLA"
116,"CAP RAMBLA DE SANT FELIU DE LLOBREGAT"
1432,"CAP RAMBLA FERRAN"
765,"CAP RAMBLA MARINA"
888,"CAP RAMBLA NOVA"
976,"CAP RAMON TURRO"
392,"CAP RAMON VINYES (ABS ANGLÈS)"
658,"CAP RAMONA VIA"
683,"CAP RAMONA VIA I PROS"
1505,"CAP RAVAL NORD"
511,"CAP RAVAL SUD"
1572,"CAP REC COMTAL"
1523,"CAP REUS II"
601,"CAP REUS-ALTEBRAT"
1498,"CAP RIBES"
1435,"CAP RIBES (CAMPDEVÀNOL)"
1508,"CAP RIELLS I VIABREA"
123,"CAP RIO DE JANEIRO"
961,"CAP RIPOLL"
975,"CAP RIPOLLÈS"
396,"CAP RIPOLLET"
687,"CAP RIUDOMS"
1494,"CAP ROCAFONDA PALAU"
898,"CAP RODA DE TER"
1525,"CAP ROGER"
126,"CAP ROGER DE FLOR"
622,"CAP RONDA CERDANYA"
127,"CAP RONDA CERDANYA/ MATARO"
731,"CAP RONDA PRIM"
692,"CAP ROQUETES"
599,"CAP ROSES"
1554,"CAP ROSSELLÓ"
946,"CAP SAGRADA FAMILIA"
1484,"CAP SALLENT"
514,"CAP SALOU"
130,"CAP SALT"
1467,"CAP SANFELIU"
918,"CAP SANLLEHY"
536,"CAP SANT ANDREU"
1174,"CAP SANT ANDREU DE LA BARCA"
624,"CAP SANT ANDREU DE LLAVANERES"
1099,"CAP SANT ANTONI"
406,"CAP SANT ANTONI DE VILAMAJOR"
446,"CAP SANT CARLES DE LA RÀPITA"
454,"CAP SANT CEBRIA DE VALLALTA"
1530,"CAP SANT CLIMENT DE LLOBREGAT"
663,"CAP SANT COSME I SANT DAMIÀ"
380,"CAP SANT CUGAT"
135,"CAP SANT ELIES"
1448,"CAP SANT ESTEVE SESROVIRES"
1119,"CAP SANT FELIU DE CODINES"
1491,"CAP SANT FELIU DE GUIXOLS"
1493,"CAP SANT FELIU DE PALLEROLS"
1431,"CAP SANT FELIX"
779,"CAP SANT FOST DE CAMPSENTELLES"
856,"CAP SANT GENIS"
388,"CAP SANT GERVASI - CAP VALLCARCA"
619,"CAP SANT HILARI DE SACALM"
140,"CAP SANT HIPÒLIT DE VOLTREGÀ"
386,"CAP SANT ILDEFONS"
1101,"CAP SANT ISCLE DE VALLALTA"
463,"CAP SANT JOAN"
720,"CAP SANT JOAN (VILANOVA I)"
521,"CAP SANT JOAN DE VILATORRADA"
1456,"CAP SANT JOAN DESPÍ"
678,"CAP SANT JOSEP"
1156,"CAP SANT JULIÀ DE VILATORTA"
707,"CAP SANT JUST DESVERN"
1040,"CAP SANT LLATZER"
145,"CAP SANT LLORENÇ"
930,"CAP SANT MARTÍ"
1588,"CAP SANT MARTI DE PROVENÇALS"
1624,"CAP SANT MARTI DE TOUS"
146,"CAP SANT MIQUEL"
573,"CAP SANT OLEGUER"
1115,"CAP SANT PERE -REUS I"
1620,"CAP SANT PERE D ÒDENA"
1557,"CAP SANT PERE DE REUS"
735,"CAP SANT PERE DE RIBES"
636,"CAP SANT PERE I SANT PAU"
1612,"CAP SANT QUINTÍ DE MEDIONA"
1574,"CAP SANT QUINTIN DE MEDIONA"
1152,"CAP SANT QUIRZE DE BESORA"
588,"CAP SANT QUIRZE DEL VALLES"
1478,"CAP SANT RAFAEL"
630,"CAP SANT ROC"
890,"CAP SANT SADURNÍ D ANOIA"
1617,"CAP SANT VICENÇ DEL HORTS 2 (EL SERRAL)"
1495,"CAP SANTA CLARA"
1108,"CAP SANTA COLOMA 1 (CAN MARINER)"
1480,"CAP SANTA COLOMA DE GRAMENET"
1479,"CAP SANTA COLOMA DE GRAMENT"
566,"CAP SANTA COLOMA RIU NORD - RIU SUD"
1601,"CAP SANTA EUGÈNIA DE BERGA"
699,"CAP SANTA EULALIA NORD"
712,"CAP SANTA EULALIA SUD"
1602,"CAP SANTA MARGARIDA DE MONTBUI"
1122,"CAP SANTA MARGARIDA I ELS MONJOS"
677,"CAP SANTA ROSA"
1126,"CAP SANTA SUSANA"
1628,"CAP SANTPEDOR"
1575,"CAP SANTS"
629,"CAP SARDENYA"
151,"CAP SARRIÀ"
152,"CAP SARRIA DE TER"
824,"CAP SEGUR DE CALAFELL"
1553,"CAP SENTMENAT"
1629,"CAP SERINYÀ"
626,"CAP SERÒS"
451,"CAP SERRAPARERA"
1041,"CAP SINGUERLIN"
154,"CAP SITGES"
402,"CAP SORT"
995,"CAP ST ANDREU DE LA BARCA"
1048,"CAP STA COLOMA DE CERVELLÓ"
508,"CAP STA COLOMA DE GRAMENET"
1573,"CAP STA CRISTINA D ARO"
157,"CAP STA EUGENIA DE BERGA"
594,"CAP STA MARIA DE PALAUTORDERA"
510,"CAP STA PERPETUA DE MOGODA"
1087,"CAP STA TECLA LLEVANT"
645,"CAP STA TECLA LLEVANT (TARRAGONA 4)"
989,"CAP SUD"
964,"CAP SUNYER (CAP RURAL SUD)"
954,"CAP TARADELL (STA EUGÈNIA DE BERGA)"
648,"CAP TARRACO"
518,"CAP TARRAGONA"
1082,"CAP TÀRREGA"
1608,"CAP TEIÀ"
1011,"CAP TERRASSA EST"
789,"CAP TERRASSA NORD"
1027,"CAP TERRASSA SUD"
1520,"CAP TIANA (MONTGAT)"
883,"CAP TONA"
729,"CAP TORDERA"
1590,"CAP TORELLÓ"
484,"CAP TORRASSA"
849,"CAP TORREDEMBARRA"
1594,"CAP TORREFARRERA"
610,"CAP TORREFORTA-LA GRANJA"
1481,"CAP TORRES DE SEGRE"
1440,"CAP TORROELLA DE MONTGRÍ"
988,"CAP TORTELLÀ (BESALÚ)"
675,"CAP TREMP"
1471,"CAP TRINITAT VELLA"
775,"CAP TURÓ"
1127,"CAP TURÓ DE LA PEIRA"
990,"CAP ULLDECONA"
389,"CAP UNIVERSITAT 2D"
170,"CAP VALL DEL TENES"
369,"CAP VALLCARCA"
516,"CAP VALLES ORIENTAL"
769,"CAP VALLIRANA"
1077,"CAP VALLROMANES"
467,"CAP VALLS DE N BAS I D HÒSTOLES"
384,"CAP VALLS URBÀ -CAP DOCTOR SARRÓ ROSET"
977,"CAP VANDELLOS - L HOSPITALET DE L INFANT"
322,"CAP VIA BARCINO"
1433,"CAP VIC"
1434,"CAP VIC SLP"
1558,"CAP VIDRERES"
1445,"CAP VIELHA"
887,"CAP VILA DE GRÀCIA -CIBELES"
1090,"CAP VILA VELLA"
669,"CAP VILA-RODONA"
1426,"CAP VILA-RODONA ( ALT CAMP EST)"
376,"CAP VILA-SECA"
966,"CAP VILAFANT"
1607,"CAP VILAFRANCA NORD"
571,"CAP VILAFRANCA URBANA"
1596,"CAP VILANOVA DE LA BARCA"
1469,"CAP VILANOVA DEL CAMÍ"
1078,"CAP VILANOVA DEL VALLÉS"
365,"CAP VILANOVA I LA GELTRU"
1618,"CAP VILASSAR DE DALT"
569,"CAP VILASSAR DE MAR"
953,"CAP VILLA OLIMPICA"
1123,"CAPA PERALADA"
381,"CAPI BAIX A MAR"
1058,"CAPI BCN ESQUERRA (PARC SANITARI SANT JOAN DE DEU)"
1060,"CAPIBE (PARC SANITARI SANT JOAN DE DEU)"
1061,CAPSBE
1000,"CAS BALUARD"
502,"CAS DELTA"
1013,"CAS GARBIVENT"
1546,"CAS SANT ANTONI"
1421,CATSALUT
915,CEDIMCAT
1032,"CENTRE DE DIAGNOSTIC I TRACTAMENT"
595,"CENTRE DE DIÀLISI TERRASSA (FMC-NEPHROCARE)"
611,"CENTRE DE SALUT GEMMA BAULIES"
1051,"CENTRE FORUM (H. DEL MAR)"
1547,"CENTRE MEDIC BAYES"
801,"CENTRE MÈDIC DÍGEST"
1375,"CENTRE MQ REUS"
1576,"CENTRE OCULAR QUIRURGIC TERRASSA"
444,"CENTRE PEDIATRIC"
1133,"CENTRO DE OFTALMOLOGÍA BARRAQUER"
1544,"CENTRO SOCIOSANITARI ISABEL ROIG"
435,CIM
580,CIMA
1151,"CIS COTXERES"
864,"CLÍNICA ÀPTIMA CENTRE CLINIC MÚTUA TERRASSA"
438,"CLINICA BOFILL"
581,"CLINICA CIMA"
1492,"CLÍNICA CORACHAN"
478,"CLÍNICA DE PONENT"
1380,"CLINICA DENTAL"
880,"CLÍNICA DENTAL ROSELLÓ Y CAMPS SLP"
568,"CLÍNICA DIAGONAL"
1616,"CLINICA DR SALTOR"
1392,"CLINICA DRA ILSE MAES"
612,"CLÍNICA GIRONA"
931,"CLÍNICA MI TRES TORRES"
1581,"CLINICA MINOVA ALIANÇA"
1517,"CLINICA NTRA SRA DEL REMEI"
1438,"CLÍNICA PERPETUO SOCORRO"
691,"CLÍNICA PERPEUO SOCORRO"
866,"CLINICA PILAR-SANT JORDI"
617,"CLÍNICA RUMEU"
187,"CLINICA SAGRADA FAMILIA"
904,"CLÍNICA SALUS INFIRMORUM"
1336,"CLINICA SARDENYA"
1443,"CLÍNICA TERRES DE L EBRE"
412,"CM CASTELLDEFELS"
1010,"CM MEDINFANT"
1006,"COF GIRONA"
1507,"COF LLEIDA"
443,COFB
1615,"COFT - AREA TÈCNICA FARMACÈUTICA. CIM"
1093,"CONSORCI SANITARI ANOIA"
914,"CONSORCI SANITARI GARRAF"
1422,"CONSORCI SANITARI INTEGRAL"
693,"CONSORCI SANITARI TERRASSA"
192,"CONSORCI SANITARI TERRASSA (CTRA TORREBONICA S/N)"
391,"CONSULTA PRIVADA"
999,"CONSULTORI DE L ALBI (CAP BORGES BLANQUES)"
733,"CONSULTORI MEDIC SANT GUIM DE FREIXENET"
1132,"CONSULTORI MUTUA MEDICA"
523,"CONSULTORI VULLPELLAC ABS LA BISBAL D EMPORDÀ"
585,"CORPORACIÓ DE SALUT DEL MARESME I LA SELVA"
575,"CS CAN MORA"
873,"CS SOLSONÈS"
1182,"CSAPG -CONSORCI SANITARI ALT PENEDÈS-GARRAF"
702,"CSM ADULTS GIRONES-PLA DE L ESTANY"
718,"CSM GRANOLLERS"
1024,"CSMA MARTI I JULIÀ"
1118,"CSS BERNAT JAUME"
879,"CT RIERA MAJOR"
498,"CUAP SALOU"
737,"DAP CAMP DE TARRAGONA"
562,"DAP GIRONA"
1561,"DEPARTAMENT DE JUSTICIA"
486,"DEPARTAMENT DE SALUT-GENERALITAT DE CATALUNYA"
349,DESCONO
385,"DISPENSARI FOLGUEROLES - CAP STA EUGÈNIA DE BERGA"
501,"EAP CASERNES"
517,"EAP TARRAGONA 1"
1464,EGARSATSP
1400,"ESCOLA D EDUCACIO ESPECIAL CAN VILA"
696,ESPARRAGUERA
892,"ESPITAU VAL D ARAN"
1177,EVA
1002,"F. FERNÀNDEZ GALOFRÉ"
1461,"FACULTAT ÒPTICA I OPTOMETRIA"
969,"FAMACIA SENT"
1610,"FAMÀCIA SENTINELLA"
868,"FAMÀCIA SENTINELLA 10229"
957,"FAMÀCIA SENTINELLA 10636"
875,"FAMÀCIA SENTINELLA 111283"
876,"FAMÀCIA SENTINELLA 11283"
1614,"FAMÀCIA SENTINELLA 11323"
797,"FAMÀCIA SENTINELLA 11727"
798,"FAMÀCIA SENTINELLA 12123"
1056,"FAMÀCIA SENTINELLA 12240"
773,"FAMÀCIA SENTINELLA 12286"
768,"FAMÀCIA SENTINELLA 12381"
905,"FAMÀCIA SENTINELLA 12441"
807,"FAMÀCIA SENTINELLA 12473"
746,"FAMÀCIA SENTINELLA 12640"
809,"FAMÀCIA SENTINELLA 12776"
852,"FAMÀCIA SENTINELLA 4295"
794,"FAMÀCIA SENTINELLA 6123"
1370,"FARMAÀIA ELENA ADZET"
333,FARMACIA
1076,"FARMÀCIA ABRIL"
1269,"FARMÀCIA ADORACION HERNANDEZ HERRAIZ"
1287,"FARMÀCIA ADRADOS"
1197,"FARMÀCIA ALBAÁ HURTADO"
1029,"FARMÀCIA ALBERT LOZANO ROCABEYERA"
1022,"FARMÀCIA ALBERT VILÀ BADIA"
1326,"FARMÀCIA ALBERTO ROS MORTE"
1364,"FARMÀCIA ALFONSO COS"
1222,"FARMACIA ALFREDO PARRILLA HORTELANO"
1384,"FARMÀCIA ALIBERCH"
1353,"FARMÀCIA ÁLVAREZ DE LA CAMPA FAYOS"
1373,"FARMÀCIA ALVAREZ GRANJA"
1191,"FARMACIA ÁLVAREZ SANTOS"
1407,"FARMÀCIA ANA M ANDRES PERERA"
963,"FARMACIA ANA SANCHEZ MERINO"
1476,"FARMÀCIA ANAÏS BARRCACHINA CÁNOVAS"
1224,"FARMÀCIA ANNA FINA"
1515,"FARMACIA ANNA GONZÀLEZ RUIZ"
1337,"FARMÀCIA ANNA MAS"
862,"FARMÀCIA ANNA SANCHEZ FARRE"
1527,"FARMÀCIA ANNA SIMÓ CORTIELLA"
1301,"FARMÀCIA ANTONI MONTSERRAT OLIVELLA"
1503,"FARMÀCIA ANTONI TARRES TORRAS"
688,"FARMÀCIA ARANALDE FORTÓ"
1199,"FARMÀCIA ARANDA GUERRA CB"
813,"FARMÀCIA ARBONÉS ARÁN"
1318,"FARMÀCIA ARQUE"
1302,"FARMÀCIA ARTURO GIMÉNEZ PARCET"
1282,"FARMÀCIA AYMAR E HIJA"
1290,"FARMACIA BADALONA"
1377,"FARMÀCIA BAGAN TAPIOLAS"
920,"FARMÀCIA BALERI"
1288,"FARMÀCIA BARBERÀ FAURA"
1248,"FARMÀCIA BARCELÓ"
1075,"FARMÀCIA BARCELONETA"
840,"FARMÀCIA BASSEGODA"
1216,"FARMÀCIA BELÉN SORIA IZQUIERDO"
839,"FARMÀCIA BELLART ALFONSO"
823,"FARMÀCIA BERGA BOLAÑOS"
1044,"FARMACIA BERGA CULLERE"
1264,"FARMÀCIA BERINGUES"
670,"FARMÀCIA BERNAT BARRIGA"
858,"FARMÀCIA BERTROLICH I SOLER"
1188,"FARMÀCIA BIFET"
1303,"FARMÀCIA BIOSCA FERNANDEZ"
903,"FARMACIA BLAI"
1231,"FARMÀCIA BOFARULL"
922,"FARMÀCIA BOLADERAS-FIGUERAS"
1203,"FARMÀCIA BONANOVA"
373,"FARMÀCIA BONSFILLS"
1279,"FARMÀCIA BORRAS"
847,"FARMÀCIA BOSCH"
1249,"FARMÀCIA BRIO GUIBERNAU"
659,"FARMÀCIA BRUFAU"
901,"FARMÀCIA BRUGUERAS"
861,"FARMÀCIA CALDUCH"
923,"FARMÀCIA CALDUCH SANT FRUITÓS DE BAGES"
1371,"FARMÀCIA CAMPABADAL MONFÀ"
1200,"FARMÀCIA CAN BONASTRE"
1235,"FARMÀCIA CARAPUIG"
449,"FARMÀCIA CARDELUS CB"
881,"FARMACIA CARLES III"
1053,"FARMÀCIA CARME ESPÍ PUMAROLA"
1284,"FARMÀCIA CARME MARTÍ MAS"
935,"FARMÀCIA CARME MIRET SOLE"
1351,"FARMÀCIA CARMEN COSTA BOTINES"
1003,"FARMÀCIA CARMONA"
1310,"FARMÀCIA CARRÉ"
1339,"FARMÀCIA CARRERAS"
1369,"FARMÀCIA CASANOVA QUEJIGO"
1394,"FARMÀCIA CASELLAS"
1116,"FARMACIA CASTRO"
841,"FARMACIA CERDÀ"
928,"FARMÀCIA CLAPÉS"
853,"FARMÀCIA COLLDEFORN"
1308,"FARMÀCIA COMAS"
475,"FARMÀCIA COMPTE"
855,"FARMÀCIA CONCEPCIÓ BERTOLÍN"
1403,"FARMÀCIA CORET"
1035,"FARMÀCIA CORONA SUBIRANA"
1215,"FARMÀCIA CORRETGER RUHI"
1230,"FARMÀCIA CREIXELL"
1055,"FARMÀCIA CRISTINA COROMINAS"
780,"FARMÀCIA CRISTINA VIAYNA CARDONA"
1256,"FARMACIA CRUSAFONT"
1271,"FARMÀCIA DALMAU CIVIT"
1026,"FARMÀCIA DALMAU CORTÉS"
1079,"FARMÀCIA DARNIUS"
608,"FARMÀCIA DE DOU REALES"
1241,"FARMÀCIA DE LA CREU"
698,"FARMÀCIA DE LA LLANA"
1243,"FARMÀCIA DE LA PLATJA"
1502,"FARMÀCIA DE LA ROCA"
1389,"FARMACIA DE MAR"
596,"FARMACIA DELIA PININ"
960,"FARMÀCIA DÍAZ PUERTO"
919,"FARMÀCIA DOMENECH SAGUE"
1246,"FARMÀCIA DR CR BOTET PIRÓ"
743,"FARMÀCIA DRA ÀNGELS DRONDA AYZA"
778,"FARMÀCIA DRA M NEUS MESQUIDA"
766,"FARMÀCIA E CASES NABAU"
761,"FARMÀCIA E. CASES NABAU"
1317,"FARMÀCIA ELDA LLOBET ALONSO"
1297,"FARMÀCIA ELENA ADZET"
1460,"FARMÀCIA ELENA BELLMUNT"
522,"FARMÀCIA ELISA BARREDA PALLARÉS"
783,"FARMÀCIA ELISA CLAVE"
744,"FARMÀCIA ELISA CORRETGER BOBIS"
830,"FARMACIA ELISABET BALERI"
1255,"FARMÀCIA ELISABET XALABARDER"
1565,"FARMÀCIA ELISABETH VIEJO GRAU"
1374,"FARMÀCIA ELS JUTJATS"
1023,"FARMACIA EMI SALLES"
592,"FARMÀCIA EMMA RIBAS"
1033,"FARMÀCIA ESCODA"
423,"FARMÀCIA ESPUIS MORERA"
461,"FARMACIA ESTAÚN"
1205,"FARMÀCIA ESTER BARÓ"
1239,"FARMÀCIA ESTER BARÓ SABATÉ"
605,"FARMÀCIA ESTEVE"
1226,"FARMACIA ESTEVE BONMAT"
1219,"FARMÀCIA ESTHER ALEGRE RIBALTA"
405,"FARMACIA EULALIA MASCARO"
1477,"FARMÀCIA EVA ALBÀ"
1278,"FARMÀCIA EVA PUERTO"
834,"FARMACIA FABREGAS REBOLLO"
411,"FARMÀCIA FARRAN"
1305,"FARMACIA FDEZ VALLESPIN"
1378,"FARMÀCIA FELIU LLOVERA"
1362,"FARMÀCIA FERICHE"
1439,"FARMÀCIA FERNÁNDEZ CABRÉ"
1582,"FARMÀCIA FERNANDO LUQUE ENRÍQUEZ"
1344,"FARMACIA FERRO MAURI"
1286,"FARMÀCIA FINESTRES CAPDEVILA"
1233,"FARMÀCIA FONT ALTABA"
1349,"FARMÀCIA FONT-QUER"
1363,"FARMÀCIA FONTANET SOLEY"
1568,"FARMÀCIA FRANCESC DE LA PEÑA VILÀ"
1335,"FARMÀCIA FRANCISCO VILLANUEVA PLA"
430,"FARMÀCIA FRANSI"
441,"FARMÀCIA FREIXENET TRESANCHEZ"
1300,"FARMÀCIA FRIGOLA CAMPASOL"
1091,"FARMACIA FULLANA FIOL"
1358,"FARMÀCIA GABRIEL VEIRET I DUART"
939,"FARMÀCIA GARCÍA ARAGONÉS"
666,"FARMÀCIA GARCÍA VELA"
1265,"FARMÀCIA GARDELLA"
992,"FARMÀCIA GARRA"
1270,"FARMACIA GARRIDO LOPEZ"
428,"FARMÀCIA GARRIGA I FERNÁNDEZ-RAJAL"
938,"FARMÀCIA GEMMA HERNANDEZ MIQUEL"
956,"FARMÀCIA GEMMA PUJOL"
1236,"FARMÀCIA GENÍS"
1331,"FARMÀCIA GIMENEZ GARCIA"
1227,"FARMÀCIA GLÒRIA DEVESA"
828,"FARMÀCIA GLÒRIA GENÍS"
1244,"FARMÀCIA GONZALEZ SOLA"
1242,"FARMÀCIA GRASES CAPELL"
945,"FARMÀCIA GRIMA"
1262,"FARMÀCIA GUADALUPE ESCUTIA"
1208,"FARMÀCIA GUILLEM MÓRA CARANDELL"
1263,"FARMÀCIA GUIX MESTRES"
843,"FARMACIA HAUSMANN"
1294,"FARMÀCIA HEREUS TORRAS SURROCA"
1253,"FARMÀCIA HERNÀNDEZ CIVIT"
397,"FARMACIA HERREROS HERRERO"
1250,"FARMÀCIA IBÁÑEZ"
1354,"FARMÀCIA IGNASI PUJOL PEREITA"
1268,"FARMÀCIA ILLA DIAGONAL"
1247,"FARMÀCIA INMACULADA TORRENS CORTES"
1304,"FARMÀCIA IRENE MUÑOZ PUIG"
902,"FARMÀCIA ISABEL RODRÍGUEZ GARCÍA"
1352,"FARMÀCIA ISABEL ZALDIVAR"
912,"FARMACIA ISANTA CRUSELLAS"
1204,"FARMÀCIA ISERN CARTRO"
1548,"FARMÀCIA JAUME TURA LLADÓ"
1365,"FARMÀCIA JOAN JOSEP BONCOMPTE GINÉ"
1063,"FARMÀCIA JOAQUIN FERRAS"
1295,"FARMÀCIA JORDI BOLÓS"
1334,"FARMÀCIA JORDI CAVALLÉ"
1218,"FARMACIA JORDI CORONA COLLDEFORN"
686,"FARMÀCIA JORDI VALLS FOIX"
1541,"FARMACIA JORNET"
1232,"FARMÀCIA JOSEP BRUNSO TEIXIDOR"
393,"FARMACIA JOSEP MARIA LLADONOSA"
1001,"FARMÀCIA JOSEP MARIA TORRES"
1396,"FARMACIA JUAN CARLOS BADIA DEL ROMERO"
477,"FARMÀCIA JUBERO"
1552,"FARMÀCIA JULIANA PLANA BORRÀS"
850,"FARMÀCIA JUSTE DIEZ DE PINOS"
1367,"FARMÀCIA LARRINAGA CASADO"
1045,"FARMACIA LAURA GOMÀ"
1195,"FARMÀCIA LAURA SAGARRA"
1274,"FARMÀCIA LAURA SAGARRA AGUILAR"
1281,"FARMÀCIA LES DRASSANES"
736,"FARMACIA LLADO"
439,"FARMÀCIA LLISTAR"
806,"FARMÀCIA LLOPART"
1341,"FARMÀCIA LLUIS COLOM"
1355,"FARMÀCIA LLUIS PUIG CAMARERO"
1569,"FARMACIA LOS MANOLO"
1324,"FARMÀCIA LOURDES CAMPO GÜERRI"
1299,"FARMACIA LOURDES VAZQUEZ"
1028,"FARMÀCIA LUCÍA CONDE PEIDRO"
1340,"FARMÀCIA LUISA PIQUE"
776,"FARMÀCIA M A CASANOVA"
710,"FARMÀCIA M ASUNCIÓN DE CASANOVA"
1320,"FARMÀCIA M CARMEN FRIGOLÉ OLIVER"
1424,"FARMÀCIA M CARMEN LÓPEZ RODRÍGUEZ"
1319,"FARMÀCIA M CASANOVAS"
993,"FARMÀCIA M DEL PILAR PUEYO GARCIA"
1333,"FARMÀCIA M EVA RIBAL BARRERA"
721,"FARMACIA M ROSA JOVE GASCON"
1258,"FARMÀCIA M TERESA BASSONS BONCOMPTE"
1096,"FARMÀCIA M TERESA VIDELLET MESTRES"
1260,"FARMÀCIA M VICTÒRIA AGUILAR PEYRA"
520,"FARMÀCIA M.DOLORS PRUJÀ"
703,"FARMÀCIA MACIÀ GOÑI"
1289,"FARMÀCIA MAGRINYÀ"
1293,"FARMÀCIA MAICA LLUCH"
1109,"FARMÀCIA MAICA LLUCH VILLAMOR"
859,"FARMÀCIA MALLOLAS"
1442,"FARMÀCIA MAÑER ASENCIO"
1276,"FARMACIA MARC TARRUELL"
1311,"FARMÀCIA MARIA ABRIL"
1338,"FARMÀCIA MARIA DIAZ MARTI"
1570,"FARMÀCIA MARIA DOLORS MORALES GUARCH"
1106,"FARMACIA MARIA PALOU CUNILL"
643,"FARMACIA MARIA ROSA MARTÍ ESCURSELL"
1356,"FARMÀCIA MARIANO SAMARANCH"
1566,"FARMÀCIA MARIN"
1348,"FARMÀCIA MARINA ORIOL CARRERAS"
1277,"FARMÀCIA MARINABCN"
857,"FARMÀCIA MARTA BARENYS"
1240,"FARMÀCIA MARTA BOSCH"
1019,"FARMÀCIA MARTA BURNIOL"
1332,"FARMÀCIA MARTA CANAL"
638,"FARMÀCIA MARTA DE BOLÓS GIRALT"
1350,"FARMÀCIA MARTA GOMEZ MUNDÓ"
616,"FARMÀCIA MARTA ROIG MARTÍNEZ"
1237,"FARMACIA MARTINEZ  LLONCH"
1347,"FARMÀCIA MARTINEZ MARIN"
695,"FARMÀCIA MARTINEZ ROCA"
1198,"FARMÀCIA MAS DOCAMPO"
1298,"FARMÀCIA MASJUAN"
398,"FARMÀCIA MASSANA CLOSA"
1211,"FARMÀCIA MASSANEDA"
1272,"FARMÀCIA MASSOT"
1321,"FARMÀCIA MATAMALA I JOAN"
1510,"FARMACIA MATEU"
1229,"FARMÀCIA MENENDEZ DE ALVARE"
1437,"FARMÀCIA MERCÈ VIDAL PAGES"
545,"FARMACIA MERESMAN"
1345,"FARMÀCIA MERITXELL GALCERAN"
1105,"FARMACIA MESTRES"
1327,"FARMÀCIA MIKEL HERNANDEZ VALLEJO"
1472,"FARMÀCIA MIRABENT"
1213,"FARMÀCIA MIRALLES"
1187,"FARMÀCIA MIREIA GARRIDO"
1214,"FARMACIA MIREIA MARINÉ"
1314,"FARMACIA MITRE"
1114,"FARMÀCIA MONT BORRELL"
1368,"FARMÀCIA MONTANER PICART"
1325,"FARMÀCIA MONTES ROSSELLO"
1049,"FARMÀCIA MONTMANY"
846,"FARMACIA MONTSERRAT AVILÉS"
424,"FARMÀCIA MONTSERRAT BERNAT"
1486,"FARMÀCIA MONTSERRAT GUIXERES"
434,"FARMÀCIA MONTSERRAT PÉREZ CARDELÚS"
1201,"FARMACIA MONTSERRAT PIJOAN"
1009,"FARMÀCIA MONTSERRAT UMBERT COSTA"
1225,"FARMÀCIA MORA FONT"
450,"FARMACIA MORE CB"
1285,"FARMACIA MORENO MURILLO"
1008,"FARMÀCIA MORERA"
462,"FARMACIA MªR ESCRIBANO PASCUAL"
1359,"FARMÀCIA NARANJO SALOM"
427,"FARMACIA NAUDIN"
1012,"FARMÀCIA NEUS AUGUET ESCATLLAR"
1210,"FARMÀCIA NOGUERA NIETO"
1193,"FARMÀCIA NÚRIA BELTRAN COSTA"
1202,"FARMÀCIA NURIA BERTOLIN PARRA"
1196,"FARMACIA NURIA DE BOLOS GIRALT"
1328,"FARMÀCIA NURIA ESCARRER CUADRENCH"
1207,"FARMÀCIA NÚRIA LLONGUERAS"
1206,"FARMACIA OCHOA"
1323,"FARMÀCIA OLGA FOLCH"
1357,"FARMÀCIA OLGA GAIRIN DEULOFEU"
600,"FARMÀCIA OLGA TRES"
792,"FARMÀCIA OLÍMPIC"
1059,"FARMÀCIA ORIGEN"
1316,"FARMACIA ORIOL TORRAS CABO"
1257,"FARMÀCIA OSCAR DOÑATE PALOS"
1016,"FARMÀCIA PABLO BONDIA"
934,"FARMÀCIA PAPACEIT"
781,"FARMÀCIA PARC CENTRAL"
994,"FARMÀCIA PASCUAL BALAÑÁ VIVES"
895,"FARMÀCIA PAU CALSINA"
1366,"FARMÀCIA PAU MOLA GELADA"
1309,"FARMACIA PENELLA PERIS"
1228,"FARMÀCIA PERA YSAC"
817,"FARMÀCIA PERE BRUFAU TUDELA"
1383,"FARMÀCIA PERE IGLESIAS MANERO"
1529,"FARMÂCIA PÉREZ TOMÀS"
565,"FARMÀCIA PIERA SERRA"
1217,"FARMÀCIA PILAR COLOMER"
1626,"FARMÀCIA PILAR SOLER VILARET"
1046,"FARMÀCIA PIÑOL RODRIGUEZ"
1315,"FARMACIA PLA CAMA"
1419,"FARMÀCIA PLAÇA DEL VI"
400,"FARMÀCIA PLANETA"
1251,"FARMÀCIA PRAT"
1539,"FARMACIA PUIGVERT CB"
1390,"FARMÀCIA PULIDO GARCIAPONS"
1221,"FARMÀCIA QUINTANA FRIGOLA"
1209,"FARMACIA RAQUEL CABALLE"
1100,"FARMACIA RECASENS ISART"
1238,"FARMÀCIA RIBERO MORENO"
413,"FARMÀCIA RIERA BLANCA"
1212,"FARMACIA RIERA CARDELUS"
1280,"FARMÀCIA RIVERO MORENO"
506,"FARMACIA ROCIO LOPEZ-YBARRA FLORES"
1405,"FARMÀCIA ROJAS"
1322,"FARMÀCIA ROS"
1031,"FARMACIA ROSA ALSIUS"
955,"FARMÀCIA ROSA M SERÓ MARTÍ"
1266,"FARMÀCIA ROSA MARIA MARCH PUIGORIOL"
1397,"FARMACIA ROSELLÓ BUSQUET"
1283,"FARMACIA ROSER CASCANTE"
808,"FARMÀCIA ROSER MASSANA"
1409,"FARMÀCIA ROVIRA"
416,"FARMACIA RUTH LOPEZ"
503,"FARMACIA RUTH LOPEZ MARTI"
1252,"FARMÀCIA SABATE"
1621,"FARMÀCIA SALA SOLER"
709,"FARMÀCIA SALAZAR"
425,"FARMACIA SÁNCHEZ SANTALÓ"
1190,"FARMÀCIA SANS"
950,"FARMACIA SANT ANDREU"
804,"FARMÀCIA SANT GERVASI"
1402,"FARMÀCIA SANT QUIRZE"
1416,"FARMÀCIA SANTAEUGENIA"
1254,"FARMÀCIA SANTAMARIA SALA"
1259,"FARMÀCIA SANTAMARIA SALA MAR"
614,"FARMÀCIA SEGUÍ ULIED"
1147,"FARMACIA SENTINELLA 10013"
1071,"FARMACIA SENTINELLA 10038"
929,"FARMÀCIA SENTINELLA 10066"
459,"FARMÀCIA SENTINELLA 10111"
786,"FARMÀCIA SENTINELLA 10150"
1070,"FARMÀCIA SENTINELLA 10205"
637,"FARMÀCIA SENTINELLA 10219"
1094,"FARMÀCIA SENTINELLA 10222"
978,"FARMÀCIA SENTINELLA 10229"
754,"FARMÀCIA SENTINELLA 10242"
812,"FARMÀCIA SENTINELLA 10252"
814,"FARMÀCIA SENTINELLA 10336"
453,"FARMÀCIA SENTINELLA 10391"
753,"FARMÀCIA SENTINELLA 10424"
829,"FARMÀCIA SENTINELLA 10453"
445,"FARMÀCIA SENTINELLA 10571"
981,"FARMÀCIA SENTINELLA 10636"
1043,"FARMÀCIA SENTINELLA 10641"
860,"FARMÀCIA SENTINELLA 10652"
751,"FARMÀCIA SENTINELLA 10666"
803,"FARMÀCIA SENTINELLA 10771"
458,"FARMÀCIA SENTINELLA 10932"
512,"FARMÀCIA SENTINELLA 10953"
825,"FARMÀCIA SENTINELLA 10965"
758,"FARMÀCIA SENTINELLA 10993"
1098,"FARMÀCIA SENTINELLA 11118"
457,"FARMÀCIA SENTINELLA 11140"
759,"FARMÀCIA SENTINELLA 11161"
1425,"FARMACIA SENTINELLA 11175"
811,"FARMÀCIA SENTINELLA 11235"
968,"FARMÀCIA SENTINELLA 11283"
1036,"FARMÀCIA SENTINELLA 11428"
479,"FARMÀCIA SENTINELLA 11472"
810,"FARMÀCIA SENTINELLA 11499"
1131,"FARMÀCIA SENTINELLA 11537"
1074,"FARMÀCIA SENTINELLA 11601"
986,"FARMÀCIA SENTINELLA 1172"
987,"FARMÀCIA SENTINELLA 11723"
802,"FARMACIA SENTINELLA 11727"
1042,"FARMÀCIA SENTINELLA 11821"
793,"FARMÀCIA SENTINELLA 11839"
1072,"FARMÀCIA SENTINELLA 11969"
1372,"FARMÀCIA SENTINELLA 12057"
980,"FARMÀCIA SENTINELLA 12123"
757,"FARMÀCIA SENTINELLA 12130"
1223,"FARMÀCIA SENTINELLA 12188"
972,"FARMÀCIA SENTINELLA 12207"
1463,"FARMÀCIA SENTINELLA 12240"
1455,"FARMÀCIA SENTINELLA 12258"
1038,"FARMÀCIA SENTINELLA 12261"
755,"FARMÀCIA SENTINELLA 12276"
748,"FARMÀCIA SENTINELLA 12286"
760,"FARMÀCIA SENTINELLA 12300"
1068,"FARMÀCIA SENTINELLA 12305"
756,"FARMÀCIA SENTINELLA 12381"
1037,"FARMÀCIA SENTINELLA 12390"
1065,"FARMÀCIA SENTINELLA 12421"
1064,"FARMÀCIA SENTINELLA 12422"
982,"FARMÀCIA SENTINELLA 12441"
1067,"FARMÀCIA SENTINELLA 12451"
1066,"FARMÀCIA SENTINELLA 12462"
984,"FARMÀCIA SENTINELLA 12473"
747,"FARMÀCIA SENTINELLA 12484"
906,"FARMÀCIA SENTINELLA 12486"
738,"FARMACIA SENTINELLA 12487"
1034,"FARMÀCIA SENTINELLA 12623"
750,"FARMÀCIA SENTINELLA 12631"
745,"FARMÀCIA SENTINELLA 12632"
767,"FARMÀCIA SENTINELLA 12637"
739,"FARMACIA SENTINELLA 12640"
1181,"FARMÀCIA SENTINELLA 12662"
1376,"FARMÀCIA SENTINELLA 12680"
1138,"FARMÀCIA SENTINELLA 12693"
762,"FARMÀCIA SENTINELLA 12696"
979,"FARMÀCIA SENTINELLA 12776"
1104,"FARMACIA SENTINELLA 12791"
749,"FARMÀCIA SENTINELLA 12841"
967,"FARMÀCIA SENTINELLA 12893"
1143,"FARMÀCIA SENTINELLA 12906"
474,"FARMÀCIA SENTINELLA 4044"
1073,"FARMÀCIA SENTINELLA 4279"
983,"FARMÀCIA SENTINELLA 4295"
752,"FARMÀCIA SENTINELLA 4309"
505,"FARMÀCIA SENTINELLA 4613"
863,"FARMÀCIA SENTINELLA 4711"
1069,"FARMÀCIA SENTINELLA 4824"
1039,"FARMÀCIA SENTINELLA 5007"
1415,"FARMÀCIA SENTINELLA 5959"
1410,"FARMÀCIA SENTINELLA 6007"
763,"FARMÀCIA SENTINELLA 6097"
985,"FARMÀCIA SENTINELLA 6123"
826,"FARMÀCIA SENTINELLA 7780"
1519,"FARMÀCIA SENTINELLA 7893"
1275,"FARMACIA SILVIA MUÑIO MICOLAU"
1398,"FARMACIA SILVIA SORIANO GUIMERA"
1306,"FARMÀCIA SINGLA BARCELÓ"
700,"FARMÀCIA SOFIA LÓPEZ"
1189,"FARMÀCIA SOLÉ"
680,"FARMÀCIA SOLER BERTROLICH"
836,"FARMACIA SOLER MARQUEZ"
673,"FARMÀCIA SUBIRÀ"
1261,"FARMÀCIA TABERNER"
785,"FARMÀCIA TERESA FRANCH"
800,"FARMACIA TERESA NOGUERA"
1342,"FARMÀCIA THIÓ I PERA"
1194,"FARMÀCIA TORRENS CORTÉS"
1406,"FARMÀCIA TORRES"
603,"FARMACIA TOUS"
1162,"FARMÀCIA TOUS CB"
965,"FARMACIA TUGAS"
1234,"FARMÀCIA TURON"
378,"FARMACIA TUSELL"
1273,"FARMÀCIA UBALDE LLACAYO"
1018,"FARMÀCIA VALCÁRCEL"
509,"FARMACIA VALENTIN"
1245,"FARMÀCIA VALLBONA - X MASVIDAL ROQUET-JALMAR"
615,"FARMACIA VALLS BIOSCA"
949,"FARMACIA VECIANA C.B"
951,"FARMACIA VECIANA C.B."
1381,"FARMÀCIA VERGE CALDUCH"
1291,"FARMÀCIA VIAMAR"
591,"FARMÀCIA VIAYNA"
1346,"FARMÀCIA VILAMARINA"
782,"FARMÀCIA VILARDELL VILA"
1330,"FARMÀCIA VIÑALS"
1312,"FARMACIA VIOLA PIE"
464,"FARMÀCIA VIVES FERRER"
421,"FARMÀCIA VIVES SUBIRANA"
1220,"FARMÀCIA VIVES-BARTRINA"
970,"FARMACIA X"
1125,"FARMÀCIA XAPELLI"
958,"FARMÀCIA XAVIER VALERO"
1313,"FARMACIA XAVIER VALERO BARLABÉ"
572,FARMÀCIA-PARAFARMÀCIA
865,FICF
1292,"FISIOS MIG"
590,"FRESENIUS MEDICAL CARE SERVICES CATALUNYA - NEPHROCARE"
555,"FRESENIUS MEDICAL CARE TERRASSA"
513,"FUNDACIÓ HOSPITAL DE L ESPERIT SANT"
1139,"FUNDACIÓ INSTITUT CATALÀ DE FARMACOLOGIA"
701,"FUNDACIÓ PUIGVERT"
221,"FUNDACIÓ SANT HOSPITAL SEU URGELL"
788,"FUNDACIÓ UNIVERSITÀRIA DEL BAGES"
1549,"FUNDACIO VIA GUASP"
1173,"GERONTOLOGIC VENDRELL"
1404,GIROPREVEN
335,"H. ARNAU DE VILANOVA"
409,"H. BELLVITGE"
690,"H. CAMPDEVÀNOL"
1533,"H. CERDANYA"
372,"H. CLÍNIC"
225,"H. COMARCAL ALT PENEDES"
538,"H. COMARCAL BLANES"
1166,"H. COMARCAL D AMPOSTA"
226,"H. COMARCAL DEL PALLARS"
227,"H. COMARCAL MORA D EBRE"
1622,"H. COMARCAL SANT ANTONI ABAT"
947,"H. COMARCAL SANT BERNABÉ"
913,"H. CSS MUTUAM"
337,"H. DE BARCELONA"
583,"H. DE L ESPERANÇA"
582,"H. DE L ESPERANÇA - PARC DE SALUT MAR"
266,"H. DE LA STA CREU I SANT PAU"
652,"H. DE NENS"
525,"H. DEL MAR"
1482,"H. DEL MAR - RAE LITORAL"
589,"H. DEL VENDRELL"
996,"H. DELFOS"
234,"H. DOS DE MAIG"
889,"H. DURAN I REYNALS"
674,"H. EL PILAR"
649,"H. FIGUERES"
870,"H. FREMAP"
908,"H. FUNDACIÓ ESPERIT SANT"
1149,"H. GENERAL"
560,"H. GENERAL CATALUNYA"
770,"H. GENERAL DE GRANOLLERS"
713,"H. GENERAL DE L HOSPITALET"
242,"H. GENERAL VIC"
239,"H. GERMANS TRIAS I PUJOL (CAN RUTI)"
570,"H. GERMANS TRIAS I PUJOL (CAN RUTI)- ICO"
243,"H. GRANOLLERS"
1521,"H. HM NOU DELFOS"
774,"H. IGUALADA"
382,"H. JOSEP TRUETA"
884,"H. JOSEP TRUETA (ICO)"
1111,"H. LLEUGER DE CAMBRILS"
338,"H. MATARO"
375,"H. MOISÉS BROGGI"
247,"H. MOLLET"
339,"H. MUNICIPAL DE BADALONA"
248,"H. MUTUA DE TERRASSA"
838,"H. OLOT"
771,"H. OLOT I COMARCAL DE LA GARROTXA"
249,"H. PALAMOS"
340,"H. PARC TAULI"
689,"H. PLATÓ"
799,"H. QUIRON BARCELONA"
940,"H. QUIRON DEXEU"
1522,"H. QUIRON DEXEUS"
410,"H. QUIRON TEKNON"
665,"H. QUIRONSALUD DEL VALLES"
1536,"H. QUIRONSALUD EL PILAR"
1103,"H. SAGRAT COR"
1567,"H. SAN JOAN DE DEU"
604,"H. SANT CAMIL"
777,"H. SANT CELONI"
567,"H. SANT JAUME D OLOT"
257,"H. SANT JAUME DE CALELLA"
593,"H. SANT JOAN DE DEU"
259,"H. SANT JOAN DE DEU DE MANRESA-ALTHAIA-"
260,"H. SANT JOAN DE DEU DE MARTORELL"
657,"H. SANT JOAN DE DEU DE SANT BOI"
261,"H. SANT JOAN DE REUS"
639,"H. SANT PAU I STA TECLA DE TARRAGONA"
263,"H. SANT PAU I STA TECLA DE TARRAGONA (RAMBLA VELLA, 14)"
264,"H. SANT RAFAEL"
848,"H. STA CATERINA"
395,"H. STA MARIA DE LLEIDA"
267,"H. STA MARIA DE LLEIDA (AV ALCALDE ROVIRA ROURE  44)"
541,"H. TARRAGONA JOAN XXIII"
268,"H. TARRAGONA JOAN XXIII (DR MALLAFRÉ I GUASCH )"
551,"H. TORTOSA VERGE CINTA"
488,"H. VIAMED MONEGAL"
271,"H. VILADECANS"
921,H.GRANOLLERS
790,"HESTIA PALAU"
344,"HOSP.UNIV.JOSEP TRUETA (ICO)"
909,HOSPITAL
492,"HOSPITAL CLINIC"
529,"HOSPITAL COMARCAL DE BLANES"
431,"HOSPITAL DE LA SANTA CREU I SANT PAU"
448,"HOSPITAL LLEUGER  DE CAMBRILS"
530,"HOSPITAL SANTA MARIA DE LLEIDA"
497,"HOSPITAL U STA MARIA"
527,"HOSPITAL UNIVERSITARI ARNAU DE VILANOVA DE LLEIDA"
415,"HOSPITAL UNIVERSITARI DE BELLVITGE"
528,"HOSPITAL UNIVERSITARI DE VIC"
351,"HOSPITAL UNIVERSITARI MUTUA DE TERRASSA"
346,"HU QUIRON DEXEUS"
288,HUVH
272,"HUVH - ÀREA GENERAL"
1550,"HUVH - ÀREA GENERAL - CARDIOLOGIA"
552,"HUVH - ÁREA GENERAL-REUMATOLOGIA"
273,"HUVH - ÀREA MATERNOINFANTIL"
274,"HUVH - ÀREA TRAUMATOLOGIA"
390,"HUVH - MATERNAL"
576,"HUVH - MATERNOINFANTIL"
275,"HUVH - SERVEIS CENTRALS"
493,"HUVH GENERAL - CEMCAT"
650,"HUVH- MATERNAL"
796,"HUVH-ÀREA GENERAL"
577,"HUVH-AREA GENERAL-GERIATRIA"
547,"HUVH-ÀREA MATERNOINFANTIL"
1088,"HUVH-ÀREA TRAUMATOLOGIA"
491,"HUVH-INFANTIL PEDIATRIA"
869,"HUVH-INSTITUT DE RECERCA"
526,"HUVH-TRAUMA-LESIONATS MEDUL.LARS"
532,"HVH GENERAL - HEPATOLOGIA"
531,"HVH GENERAL - UCI"
440,"HVH GENERAL MI2-HEPATO"
549,"ICO HOSPITALET"
1137,"ICS-GT CATALUNYA CENTRAL"
1538,"IES AGUSTI SERRA I FONTANTET"
1401,"IES TERRA ROJA"
1329,IMIM
407,"INS CIPAIS"
1385,"INSTITUT  CATALÀ D AVALUACIONS MÈDIQUES"
1386,"INSTITUT CATALÀ D AVALUACIONS MÈDIQUES"
578,"INSTITUT CATALÀ DE LA RETINA"
1135,"INSTITUT CATALÀ DE LA SALUT"
1388,"INSTITUT CATALÀ DE SERVEIS MÈDICS"
1595,"INSTITUT DE MEDICINA LEGAL I CIÈNCIES FORENSES DE CATALUNYA"
1540,"INSTITUT DE SALUT INTEGRATIVA I CONSCIENT (ISIC)"
1185,"INSTITUT GUTTMANN"
741,"INSTITUT TRASTORNS ALIMENTARIS ITA"
1361,"INSTITUTO GABRIELA MISTRAL"
1586,"INTAS HEALTH CARE"
553,JUBILAT
1097,"LABORATORI A. PUMAROLA"
1395,"LABORATORI FARMACEUTIC (DESC)"
554,"LABORATORIOS LESVI SL"
640,"LAVORATORIOS QUALIGEN"
1457,"MC MUTUAL"
1500,"MEDICINA ESTETICA LAGO"
281,"MILENIUM CENTRO MEDICO BALMES/SANITAS"
579,"MUTUA MIDAT CYCLOPS"
822,"MUTUA MONTAÑESA"
764,"MUTUAM ESQUERRA"
1528,"NATURA RESIDENCIAL"
725,"NO APLICA"
429,"OFICINA DE FARMÀCIA"
399,"OFICINA FARMÀCIA"
1004,"OPTICA UNIVERSITARIA"
874,PAMEM
1413,"PARC DE RECERCA BIOMEDICA DE BARCELONA (PRBB)"
997,"PARC SANITARI PERE VIRGILI"
456,"PARC SANITARI SANT JOAN DE DÉU"
618,"PIUS HOSPITAL DE VALLS"
1387,"POLICLINIC HLA LLEIDA"
542,"POLICLINIC VILADECANS"
1598,QISANA
404,QUIRÓNSALUD
1360,"RECINTO TORRIBERA - PARC DE SALUT MAR"
991,"RESID GERIAT STA TERESA JORNET"
1154,"RESIDENCIA AMAVI HORTA"
1418,"RESIDÈNCIA CALONGE"
1296,"RESIDENCIA DOMUSVI CAN BUXERES"
1167,"RESIDENCIA DOMUSVI REGINA"
1146,"RESIDÈNCIA LLEIDA-BALÀFIA"
942,"RESIDENCIA MAS SAURÓ"
1343,"RESIDENCIA PONENT"
1307,"RESIDÈNCIA PUIG D EN ROCA"
1183,"RESIDENCIA SANT ROC DE CANET DE MAR"
1140,"RESID_LLEIDA-BALÀFIA 1"
655,"RIERA NOU"
597,"SANITAS MILLENIUM ROBRESA"
772,SANLLEHY
1545,"SANT FELIU DE GUIXOLS GENT GRAN"
550,"SANT HIPÒLIT DE VOLTREGÀ"
487,"SDPI SANTA COLOMA DE GRAMENET"
1145,"SEM 061"
1144,"SEM 061 CECOS"
886,"SEM BLANES"
1142,SEM/061
1393,"SERVEIS DE SALUT INTEGRATS BAIX EMPORDÀ (SSIBE)"
910,"SERVEIS INTEGRALS GINECOLOGICS VALLS"
544,"SERVICIO DE FARMACIA HOSPITAL ARNAU DE VILANOVA DE LLEIDA"
394,"SRETR MUNDET"
1441,"SUBDIRECCIÓ GENERAL D AVALUACIONS MÉDIQUES SGAM"
1543,SUMAR
561,TREMP
927,"UDM D?AFIC"
842,"UNIVERSITAT DE BARCELONA"
472,"VALL D HEBRÓN"
872,"VHIR-VALL D HEBRON INSTITUT DE RECERCA"
1571,VIATRIS
